url_path,views_total,views_unique
/CDCgov/Opioid_SUD_MHI_MedCodes,20,1
/CDCgov/Opioid_SUD_MHI_MedCodes/actions,17,1
/CDCgov/Opioid_SUD_MHI_MedCodes/tree/github-repo-stats/CDCgov/Opioid_SUD_MHI_MedCodes,16,1
/CDCgov/Opioid_SUD_MHI_MedCodes/actions/runs/10116098370,13,1
/CDCgov/Opioid_SUD_MHI_MedCodes/actions/workflows/stats.yml,9,1
/CDCgov/Opioid_SUD_MHI_MedCodes/tree/github-repo-stats,7,1
/CDCgov/Opioid_SUD_MHI_MedCodes/tree/master/.github/workflows,7,1
/CDCgov/Opioid_SUD_MHI_MedCodes/pulls,5,1
/CDCgov/Opioid_SUD_MHI_MedCodes/tree/github-repo-stats/CDCgov/Opioid_SUD_MHI_MedCodes/latest-report,4,1
/CDCgov/Opioid_SUD_MHI_MedCodes/actions/runs/10116098370/job/27978208513,3,1
